INSERT INTO instituciones_educativas (inst_id, nombre) 
VALUES 
(1, 'Universidad del Cauca'),
(2, 'Servicio nacional de aprendizaje SENA'),
(3, 'Fundación universitaria de Popayan');

INSERT INTO empresas_externas (ee_id, nombre, contacto, telefono)
VALUES
(1, 'Pio Pio', '123456789', '123456789'),
(2, 'Kikos', '123456789', '123456789'),
(3, 'La Cosecha', '123456789', '123456789'),
(4, 'Hotel San Martín', '123456789', '123456789'),
(5, 'Juan Valdez', '123456789', '123456789');

INSERT INTO hojas_vida (numero_documento, tipo_documento, nombres, apellidos, telefono, correo, municipio_id, direccion, calificacion, nit_empresa, estado_persona)
VALUES
(6, 'CEDULA', 'Jeison', 'Ortiz', '123456789', 'jeison@unicauca.edu.co', 1, 'calle 5', 8.0, '1', 'PROSPECTO'),
(2, 'CEDULA', 'Mayra', 'Castillo', '123456789', 'mayra@unicauca.edu.co', 640, 'calle 5', 8.0, '1', 'PROSPECTO'),
(3, 'CEDULA', 'Cristian', 'Lopez', '123456789', 'cristian@gmail.com', 1, 'calle 5', 8.0, '1', 'PROSPECTO'),
(5, 'CEDULA', 'Hector', 'Fabio', '123456789', 'hector@outlook.es', 1, 'calle 5', 8.0, '1', 'PROSPECTO'),
(4, 'CEDULA', 'Isabella', 'Perez', '123456789', 'isabella@unicomfacauca.edu.co', 1, 'calle 5', 8.0, '1', 'PROSPECTO'),
(8, 'CEDULA', 'Pepe 1', 'Perez', '123456789', 'pepe1@unicomfacauca.edu.co', 1, 'calle 5', 8.0, '1', 'PROSPECTO'),
(7, 'CEDULA', 'Pepe 2', 'Perez', '123456789', 'pepe2@unicomfacauca.edu.co', 1, 'calle 5', 8.0, '1', 'PROSPECTO'),
(9, 'CEDULA', 'Pepe 3', 'Perez', '123456789', 'pepe3@unicomfacauca.edu.co', 1, 'calle 5', 8.0, '1', 'PROSPECTO'),
(10, 'CEDULA', 'Pepe 4', 'Perez', '123456789', 'pepe4@unicomfacauca.edu.co', 1, 'calle 5', 8.0, '1', 'PROSPECTO'),
(11, 'CEDULA', 'Pepe 5', 'Perez', '123456789', 'pepe5@unicomfacauca.edu.co', 1, 'calle 5', 8.0, '1', 'PROSPECTO'),
(12, 'CEDULA', 'Pepe 6', 'Perez', '123456789', 'pepe6@unicomfacauca.edu.co', 1, 'calle 5', 8.0, '1', 'PROSPECTO'),
(13, 'CEDULA', 'Pepe 7', 'Perez', '123456789', 'pepe7@unicomfacauca.edu.co', 1, 'calle 5', 8.0, '1', 'PROSPECTO'),
(14, 'CEDULA', 'Pepe 8', 'Perez', '123456789', 'pepe8@unicomfacauca.edu.co', 1, 'calle 5', 8.0, '1', 'PROSPECTO'),
(15, 'CEDULA', 'Pepe 9', 'Perez', '123456789', 'pepe9@unicomfacauca.edu.co', 1, 'calle 5', 8.0, '1', 'PROSPECTO'),
(16, 'CEDULA', 'Pepe 10', 'Perez', '123456789', 'pepe10@unicomfacauca.edu.co', 1, 'calle 5', 8.0, '1', 'PROSPECTO'),
(17, 'CEDULA', 'Pepe 11', 'Perez', '123456789', 'pepe11@unicomfacauca.edu.co', 1, 'calle 5', 8.0, '1', 'PROSPECTO'),
(18, 'CEDULA', 'Pepe 12', 'Perez', '123456789', 'pepe12@unicomfacauca.edu.co', 1, 'calle 5', 8.0, '1', 'PROSPECTO'),
(19, 'CEDULA', 'Pepe 13', 'Perez', '123456789', 'pepe13@unicomfacauca.edu.co', 1, 'calle 5', 8.0, '1', 'PROSPECTO'),
(20, 'CEDULA', 'Pepe 14', 'Perez', '123456789', 'pepe14@unicomfacauca.edu.co', 1, 'calle 5', 8.0, '1', 'PROSPECTO'),
(21, 'CEDULA', 'Pepe 15', 'Perez', '123456789', 'pepe15@unicomfacauca.edu.co', 1, 'calle 5', 8.0, '1', 'PROSPECTO'),
(22, 'CEDULA', 'Pepe 16', 'Perez', '123456789', 'pepe16@unicomfacauca.edu.co', 1, 'calle 5', 8.0, '1', 'PROSPECTO'),
(23, 'CEDULA', 'Pepe 17', 'Perez', '123456789', 'pepe17@unicomfacauca.edu.co', 1, 'calle 5', 8.0, '1', 'PROSPECTO'),
(24, 'CEDULA', 'Pepe 18', 'Perez', '123456789', 'pepe18@unicomfacauca.edu.co', 1, 'calle 5', 8.0, '1', 'PROSPECTO'),
(25, 'CEDULA', 'Pepe 19', 'Perez', '123456789', 'pepe19@unicomfacauca.edu.co', 1, 'calle 5', 8.0, '1', 'PROSPECTO'),
(26, 'CEDULA', 'Pepe 20', 'Perez', '123456789', 'pepe20@unicomfacauca.edu.co', 1, 'calle 5', 8.0, '1', 'PROSPECTO'),
(27, 'CEDULA', 'Pepe 21', 'Perez', '123456789', 'pepe21@unicomfacauca.edu.co', 1, 'calle 5', 8.0, '1', 'PROSPECTO'),
(28, 'CEDULA', 'Pepe 22', 'Perez', '123456789', 'pepe22@unicomfacauca.edu.co', 1, 'calle 5', 8.0, '1', 'PROSPECTO'),
(29, 'CEDULA', 'Pepe 23', 'Perez', '123456789', 'pepe23@unicomfacauca.edu.co', 1, 'calle 5', 8.0, '1', 'PROSPECTO'),
(30, 'CEDULA', 'Pepe 24', 'Perez', '123456789', 'pepe24@unicomfacauca.edu.co', 1, 'calle 5', 8.0, '1', 'PROSPECTO'),
(31, 'CEDULA', 'Pepe 25', 'Perez', '123456789', 'pepe25@unicomfacauca.edu.co', 1, 'calle 5', 8.0, '1', 'PROSPECTO'),
(32, 'CEDULA', 'Pepe 26', 'Perez', '123456789', 'pepe26@unicomfacauca.edu.co', 1, 'calle 5', 8.0, '1', 'PROSPECTO'),
(33, 'CEDULA', 'Pepe 27', 'Perez', '123456789', 'pepe27@unicomfacauca.edu.co', 1, 'calle 5', 8.0, '1', 'PROSPECTO'),
(34, 'CEDULA', 'Pepe 28', 'Perez', '123456789', 'pepe28@unicomfacauca.edu.co', 1, 'calle 5', 8.0, '1', 'PROSPECTO'),
(35, 'CEDULA', 'Pepe 29', 'Perez', '123456789', 'pepe29@unicomfacauca.edu.co', 1, 'calle 5', 8.0, '1', 'PROSPECTO'),
(36, 'CEDULA', 'Pepe 30', 'Perez', '123456789', 'pepe30@unicomfacauca.edu.co', 1, 'calle 5', 8.0, '1', 'PROSPECTO'),
(37, 'CEDULA', 'Pepe 31', 'Perez', '123456789', 'pepe31@unicomfacauca.edu.co', 1, 'calle 5', 8.0, '1', 'PROSPECTO'),
(38, 'CEDULA', 'Pepe 32', 'Perez', '123456789', 'pepe32@unicomfacauca.edu.co', 1, 'calle 5', 8.0, '1', 'PROSPECTO'),
(39, 'CEDULA', 'Pepe 33', 'Perez', '123456789', 'pepe33@unicomfacauca.edu.co', 1, 'calle 5', 8.0, '1', 'PROSPECTO'),
(40, 'CEDULA', 'Pepe 34', 'Perez', '123456789', 'pepe34@unicomfacauca.edu.co', 1, 'calle 5', 8.0, '1', 'PROSPECTO'),
(41, 'CEDULA', 'Pepe 35', 'Perez', '123456789', 'pepe35@unicomfacauca.edu.co', 1, 'calle 5', 8.0, '1', 'PROSPECTO'),
(42, 'CEDULA', 'Pepe 36', 'Perez', '123456789', 'pepe36@unicomfacauca.edu.co', 1, 'calle 5', 8.0, '1', 'PROSPECTO'),
(43, 'CEDULA', 'Pepe 37', 'Perez', '123456789', 'pepe37@unicomfacauca.edu.co', 1, 'calle 5', 8.0, '1', 'PROSPECTO'),
(44, 'CEDULA', 'Pepe 38', 'Perez', '123456789', 'pepe38@unicomfacauca.edu.co', 1, 'calle 5', 8.0, '1', 'PROSPECTO'),
(45, 'CEDULA', 'Pepe 39', 'Perez', '123456789', 'pepe39@unicomfacauca.edu.co', 1, 'calle 5', 8.0, '1', 'PROSPECTO'),
(46, 'CEDULA', 'Pepe 40', 'Perez', '123456789', 'pepe40@unicomfacauca.edu.co', 1, 'calle 5', 8.0, '1', 'PROSPECTO'),
(47, 'CEDULA', 'Pepe 41', 'Perez', '123456789', 'pepe41@unicomfacauca.edu.co', 1, 'calle 5', 8.0, '1', 'PROSPECTO'),
(48, 'CEDULA', 'Pepe 42', 'Perez', '123456789', 'pepe42@unicomfacauca.edu.co', 1, 'calle 5', 8.0, '1', 'PROSPECTO'),
(49, 'CEDULA', 'Pepe 43', 'Perez', '123456789', 'pepe43@unicomfacauca.edu.co', 1, 'calle 5', 8.0, '1', 'PROSPECTO'),
(50, 'CEDULA', 'Pepe 44', 'Perez', '123456789', 'pepe44@unicomfacauca.edu.co', 1, 'calle 5', 8.0, '1', 'PROSPECTO'),
(51, 'CEDULA', 'Pepe 45', 'Perez', '123456789', 'pepe45@unicomfacauca.edu.co', 1, 'calle 5', 8.0, '1', 'PROSPECTO'),
(52, 'CEDULA', 'Pepe 46', 'Perez', '123456789', 'pepe46@unicomfacauca.edu.co', 1, 'calle 5', 8.0, '1', 'PROSPECTO'),
(53, 'CEDULA', 'Pepe 47', 'Perez', '123456789', 'pepe47@unicomfacauca.edu.co', 1, 'calle 5', 8.0, '1', 'PROSPECTO'),
(54, 'CEDULA', 'Pepe 48', 'Perez', '123456789', 'pepe48@unicomfacauca.edu.co', 1, 'calle 5', 8.0, '1', 'PROSPECTO'),
(55, 'CEDULA', 'Pepe 49', 'Perez', '123456789', 'pepe49@unicomfacauca.edu.co', 1, 'calle 5', 8.0, '1', 'PROSPECTO'),
(56, 'CEDULA', 'Pepe 50', 'Perez', '123456789', 'pepe50@unicomfacauca.edu.co', 1, 'calle 5', 8.0, '1', 'PROSPECTO'),
(57, 'CEDULA', 'Pepe 51', 'Perez', '123456789', 'pepe51@unicomfacauca.edu.co', 1, 'calle 5', 8.0, '1', 'PROSPECTO'),
(58, 'CEDULA', 'Pepe 52', 'Perez', '123456789', 'pepe52@unicomfacauca.edu.co', 1, 'calle 5', 8.0, '1', 'PROSPECTO'),
(59, 'CEDULA', 'Pepe 53', 'Perez', '123456789', 'pepe53@unicomfacauca.edu.co', 1, 'calle 5', 8.0, '1', 'PROSPECTO'),
(60, 'CEDULA', 'Pepe 54', 'Perez', '123456789', 'pepe54@unicomfacauca.edu.co', 1, 'calle 5', 8.0, '1', 'PROSPECTO'),
(61, 'CEDULA', 'Pepe 55', 'Perez', '123456789', 'pepe55@unicomfacauca.edu.co', 1, 'calle 5', 8.0, '1', 'PROSPECTO'),
(62, 'CEDULA', 'Pepe 56', 'Perez', '123456789', 'pepe56@unicomfacauca.edu.co', 1, 'calle 5', 8.0, '1', 'PROSPECTO'),
(63, 'CEDULA', 'Pepe 57', 'Perez', '123456789', 'pepe57@unicomfacauca.edu.co', 1, 'calle 5', 8.0, '1', 'PROSPECTO'),
(64, 'CEDULA', 'Pepe 58', 'Perez', '123456789', 'pepe58@unicomfacauca.edu.co', 1, 'calle 5', 8.0, '1', 'PROSPECTO'),
(65, 'CEDULA', 'Pepe 59', 'Perez', '123456789', 'pepe59@unicomfacauca.edu.co', 1, 'calle 5', 8.0, '1', 'PROSPECTO'),
(66, 'CEDULA', 'Pepe 60', 'Perez', '123456789', 'pepe60@unicomfacauca.edu.co', 1, 'calle 5', 8.0, '1', 'PROSPECTO'),
(1, 'CEDULA', 'Ruben', 'Dorado', '123456789', 'ruben.dario_dorado@gmail.com', 396, 'calle 5', 8.0, '1', 'PROSPECTO');

INSERT INTO referencias_familiares (ref_id, numero_documento, nombres, apellidos, telefono, parentesco)
VALUES
(1, 6, 'Juan', 'Ortiz', '123456789', 'TIO'),
(2, 6, 'Luis', 'Ortiz', '123456789', 'HERMANO'),
(3, 1, 'Andrea', 'Cordoba', '123456789', 'HERMANA'),
(4, 1, 'Juan', 'Cordoba', '123456789', 'PRIMO'),
(5, 1, 'Pepito', 'Cordoba', '123456789', 'PRIMO'),
(6, 1, 'Claudia', 'Cordoba', '123456789', 'PRIMO'),
(7, 1, 'Wilson', 'Cordoba', '123456789', 'PRIMO'),
(8, 1, 'Sofia', 'Cordoba', '123456789', 'PRIMO'),
(9, 1, 'Carla', 'Cordoba', '123456789', 'PRIMO'),
(10, 1, 'Sandra', 'Cordoba', '123456789', 'PRIMO'),
(11, 1, 'Luisa', 'Dorado', '123456789', 'PRIMO'),
(12, 1, 'Dana', 'Cordoba', '123456789', 'PRIMO'),
(13, 1, 'Lupita', 'Cordoba', '123456789', 'PRIMO'),
(14, 2, 'Ana', 'Castillo', '123456789', 'PRIMO');


INSERT INTO referencias_personales (ref_id, numero_documento, nombres, apellidos, telefono)
VALUES
(1, 6, 'Juan', 'Ortiz', '123456789'),
(2, 2, 'Ana', 'Ruiz', '123456789'),
(3, 1, 'Nelson', 'Anacona', '123456789');

INSERT INTO estudios (est_id, numero_documento, nombre_titulo, calificacion, tipo, tiempo, inst_id)
VALUES
(1, 1, 'AUXILIAR DE COCINA', 5.0, 'TECNICO', '4 años', 2),
(2, 2, 'AUXILIAR DE COCINA', 5.0, 'PROFESIONAL', '4 años', 1),
(3, 3, 'AUXILIAR DE COCINA', 5.0, 'TECNICO', '4 años', 2),
(4, 4, 'AUXILIAR DE COCINA', 5.0, 'PROFESIONAL', '4 años', 3),
(5, 5, 'AUXILIAR DE COCINA', 5.0, 'TECNICO', '4 años', 2),
(6, 6, 'AUXILIAR DE COCINA', 5.0, 'PROFESIONAL', '4 años', 1),
(7, 1, 'TECNICO EN COCINA CHINA', 5.0, 'TECNICO', '4 años', 2),
(8, 1, 'INGENIERO DE ALIMENTOS', 5.0, 'PROFESIONAL', '4 años', 3),
(9, 4, 'TECNICO EN MANTENIMIENTO DE ESTUFAS', 5.0, 'TECNICO', '4 años', 2);

INSERT INTO experiencias_laborales (exp_id, numero_documento, cargo, tiempo, calificacion, ee_id)
VALUES
(1, 1, 'COCINERO', 4, 4.0, 1),
(2, 1, 'CHEF', 4, 4.0, 2),
(3, 1, 'BARRENDERO', 4, 4.0, 3),
(4, 2, 'COCINERO', 4, 4.0, 4),
(5, 2, 'MESERO', 4, 4.0, 5),
(6, 2, 'BARRENDERO', 4, 4.0, 1),
(7, 3, 'COCINERO', 4, 4.0, 2),
(8, 3, 'LAVA PLATOS', 4, 4.0, 3),
(9, 3, 'CHEF', 4, 4.0, 4),
(10, 4, 'COCINERO', 4, 4.0, 5),
(11, 4, 'COCINERO', 4, 4.0, 1),
(12, 4, 'COCINERO', 4, 4.0, 2);

